Category;DayOfWeek;Dates;Address;PdDistrict;X;Y
Perkosaan;Monday;24/01/2022 21:00;Jagakarsa;Jagakarsa;106.8256645;-6.3360601
Pencurian Biasa;Monday;25/10/2021 23:30;Tebet;Tebet;106.8472838;-6.2109897
Penganiayaan Ringan;Tuesday;31/05/2022 12:00;Cempaka Putih;Cempaka Putih;106.8623684;-6.1849732
Penganiayaan Berat;Wednesday;01/06/2022 00:00;Bekasi Selatan;Bekasi Selatan;106.9812481;-6.2695809
Pencurian Biasa;Wednesday;25/05/2022 09:00;Pulogadung;Pulogadung;106.9090717;-6.1832331
Pencurian Dengan Kekerasan;Thursday;21/04/2022 21:10;Cikarang Selatan;Cikarang Selatan;107.1256231;-6.3258953
Pencurian Dengan Kekerasan;Sunday;13/02/2022 22:30;Cikarang Timur;Cikarang Timur;107.2196966;-6.2686661
Pencurian Kendaraan Bermotor;Wednesday;01/06/2022 03:30;Cilincing;Cilincing;106.9448985;-6.1101657
Pencurian Dengan Kekerasan;Friday;27/05/2022 09:00;Kembangan;Kembangan;106.7405232;-6.2203947
Penganiayaan Ringan;Tuesday;17/05/2022 01:30;Grogol Petamburan;Grogol Petamburan;106.7846412;-6.161698
Kerusuhan;Sunday;29/05/2022 03:00;Tanah Abang;Tanah Abang;106.8051365;-6.2039723
Pencurian Biasa;Friday;21/01/2022 03:30;Sawah Besar;Sawah Besar;106.8288997;-6.1539504
Penganiayaan Berat;Sunday;23/01/2022 03:30;Cibinong;Cibinong;106.8299101;-6.4735246
Demonstrasi;Saturday;28/05/2022 13:50;Gambir;Gambir;106.8226959;-6.1759245
Penganiayaan Berat;Tuesday;01/02/2022 22:30;Senen;Senen;106.849807;-6.1948244
Narkotika;Wednesday;12/05/2021 23:30;Palmerah;Palmerah;106.793333;-6.1942907
Penganiayaan Berat;Tuesday;02/11/2021 07:51;Cibodas;Cibodas;106.6107715;-6.2099996
Narkotika;Thursday;02/06/2022 12:30;Cilandak;Cilandak;106.7975781;-6.2771223
Pembunuhan;Friday;29/10/2021 10:00;Cengkareng;Cengkareng;106.7305335;-6.1390604
Pencurian Kendaraan Bermotor;Tuesday;31/05/2022 13:00;Solear;Solear;106.4080038;-6.3308713
Pembunuhan;Friday;22/10/2021 02:00;Kemayoran;Kemayoran;106.8480114;-6.1600856
Pencurian Kendaraan Bermotor;Tuesday;14/09/2021 23:00;Tarumajaya;Tarumajaya;106.993921;-6.116564
Pencurian Dengan Pemberatan;Tuesday;31/05/2022 13:00;Balaraja;Balaraja;106.4517795;-6.2049438
Penganiayaan Ringan;Saturday;28/05/2022 16:30;Cikarang Selatan;Cikarang Selatan;107.1256231;-6.3258953
Perkosaan;Thursday;15/07/2021 13:00;Tambora;Tambora;106.8072461;-6.1477051
Pencurian Dengan Pemberatan;Thursday;11/02/2021 10:00;Tanjung Priok;Tanjung Priok;106.8665166;-6.1382799
Pencurian Dengan Kekerasan;Tuesday;31/05/2022 23:00;Tajur Alam;Tajur Alam;106.7942405;-6.4024844
Pelecehan Seksual;Saturday;26/09/2020 17:00;Cipondoh;Cipondoh;106.7081563;-6.1886698
Pembunuhan;Tuesday;24/05/2022 17:30;Cikarang Utara;Cikarang Utara;107.1632224;-6.2954527
Pencurian Biasa;Thursday;02/06/2022 17:00;Ciracas;Ciracas;106.8749344;-6.3087517
Kerusuhan;Wednesday;01/06/2022 01:30;Kemayoran;Kemayoran;106.8528178;-6.1719859
Perkosaan;Thursday;02/06/2022 23:46;Pademangan;Pademangan;106.8383529;-6.1339405
Pencurian Dengan Pemberatan;Thursday;02/06/2022 23:46;Pademangan;Pademangan;106.8383529;-6.1339405
Pencurian Biasa;Monday;30/05/2022 11:00;Pondok Gede;Pondok Gede;106.9308294;-6.2697026
Perkosaan;Tuesday;17/05/2022 11:00;Cengkareng;Cengkareng;106.7305335;-6.1390604
Pencurian Biasa;Monday;30/05/2022 05:30;Klapanunggal;Klapanunggal;106.9385047;-6.4455219
Penganiayaan Berat;Tuesday;31/05/2022 23:30;Ciliwung;Ciliwung;106.8650335;-6.228426
Penganiayaan Ringan;Monday;30/05/2022 00:00;Bekasi Selatan;Bekasi Selatan;106.9726004;-6.2598431
Perkosaan;Friday;22/04/2022 13:00;Ciomas;Ciomas;106.7656825;-6.6019425
Pembakaran Dengan Sengaja;Thursday;19/05/2022 16:00;Kebagusan Raya;Kebagusan Raya;106.82576;-6.31166
Pembunuhan;Wednesday;01/06/2022 12:00;Cipondoh;Cipondoh;106.6825964;-6.1866281
Pembunuhan;Tuesday;31/05/2022 14:17;Legok;Legok;106.5885923;-6.2975367
Pembunuhan;Sunday;22/05/2022 18:00;Curug;Curug;106.5835529;-6.1965743
Penganiayaan Ringan;Sunday;22/05/2022 13:00;Grogol Petamburan;Grogol Petamburan;106.7946484;-6.1797689
Pencurian Biasa;Monday;30/05/2022 14:00;Pasar Kemis;Pasar Kemis;106.5688182;-6.1565324
Pencurian Biasa;Thursday;26/05/2022 05:20;Larangan;Larangan;106.7302964;-6.2321837
Penipuan;Monday;23/05/2022 05:20;Cipondoh;Cipondoh;106.6825964;-6.1866281
Penganiayaan Berat;Monday;23/05/2022 04:00;Ciawi;Ciawi;106.8635643;-6.6658733
Narkotika;Friday;20/05/2022 04:00;Tigaraksa;Tigaraksa;106.4668032;-6.263344
Pembunuhan;Sunday;22/05/2022 20:00;Bekasi Barat;Bekasi Barat;106.9565206;-6.2257275
Penadahan;Sunday;22/05/2022 14:00;Sukasari;Sukasari;106.6364987;-6.1811931
Kerusuhan;Thursday;19/05/2022 14:30;Kemayoran;Kemayoran;106.8448775;-6.1517852
Penganiayaan Ringan;Sunday;15/05/2022 13:00;Serpong;Serpong;106.6678223;-6.2994321
Pelecehan Seksual;Monday;23/05/2022 20:00;Mampang Prapatan;Mampang Prapatan;106.8222625;-6.2365111
Pencurian Dengan Kekerasan;Monday;16/05/2022 02:30;Tanah Sareal;Tanah Sareal;106.8006225;-6.5672453
Pencurian Biasa;Wednesday;04/05/2022 14:00;Ciputat Timur;Ciputat Timur;106.7574136;-6.3057424
Pencurian Dengan Kekerasan;Saturday;07/05/2022 05:00;Kebayoran Baru;Kebayoran Baru;106.7899513;-6.2396468
Penganiayaan Berat;Tuesday;03/05/2022 10:00;Cilandak;Cilandak;106.8110946;-6.2709551
Kerusuhan;Wednesday;18/05/2022 12:00;Balaraja;Balaraja;106.4546757;-6.1855533
Penganiayaan Berat;Thursday;21/04/2022 06:20;Teluknaga;Teluknaga;106.6467531;-6.068382
Pelecehan Seksual;Thursday;05/05/2022 13:00;Pamulang;Pamulang;106.7382072;-6.3095875
Penganiayaan Ringan;Sunday;08/05/2022 01:00;Cipondoh;Cipondoh;106.6706769;-6.1947811
Penganiayaan Ringan;Saturday;30/04/2022 17:30;Ciledug;Ciledug;106.7023326;-6.2417271
Pencurian Kendaraan Bermotor;Wednesday;20/04/2022 23:30;Neglasari;Neglasari;106.6258605;-6.1536763
Pencurian Biasa;Wednesday;20/04/2022 16:00;Cipondoh;Cipondoh;106.699119;-6.1825965
Pencurian Biasa;Friday;22/04/2022 13:00;Cisoka;Cisoka;106.4259367;-6.264423
Pencurian Dengan Pemberatan;Tuesday;19/04/2022 22:00;Pagedangan;Pagedangan;106.613862;-6.2989555
Penganiayaan Berat;Saturday;16/04/2022 14:00;Pinang;Pinang;106.6920099;-6.2226388
Pembunuhan;Thursday;14/04/2022 20:40;Neglasari;Neglasari;106.6345879;-6.1098284
Kerusuhan;Thursday;14/04/2022 02:00;Cipondoh;Cipondoh;106.6825964;-6.1866281
Demonstrasi;Monday;11/04/2022 13:00;Senayan;Senayan;106.8148054;-6.223446
Pencurian Dengan Pemberatan;Sunday;10/04/2022 19:45;Pasar Kemis;Pasar Kemis;106.5688182;-6.1565324
Terorisme;Sunday;03/04/2022 07:00;Tangerang Selatan;Tangerang Selatan;106.7112933;-6.2835218
Kerusuhan;Wednesday;06/04/2022 03:00;Kosambi;Kosambi;106.6256122;-6.1353876
Kerusuhan;Wednesday;06/04/2022 02:00;Tigaraksa;Tigaraksa;106.4668032;-6.263344
Kerusuhan;Wednesday;06/04/2022 02:00;Balaraja;Balaraja;106.4546757;-6.1855533
Perkosaan;Saturday;21/08/2021 14:00;Tangerang;Tangerang;106.6403236;-6.1701796
Kerusuhan;Monday;04/04/2022 03:00;Jatiuwung;Jatiuwung;106.5776223;-6.2055033
Prostitusi;Tuesday;31/05/2022 03:00;Tebet;Tebet;106.8488128;-6.2356436
Kerusuhan;Saturday;28/05/2022 02:00;Kebayoran Baru;Kebayoran Baru;106.7999471;-6.2452337
Pembunuhan;Wednesday;25/05/2022 20:00;Pancoran;Pancoran;106.8593692;-6.243881
Pembunuhan;Thursday;26/05/2022 03:00;Kuningan;Kuningan;106.8256669;-6.2212429
Pencurian Biasa;Tuesday;24/05/2022 02:00;Kebayoran Baru;Kebayoran Baru;106.7999471;-6.2452337
Pelecehan Seksual;Monday;23/05/2022 22:00;Kuningan Barat;Kuningan Barat;106.8210188;-6.2357396
Penipuan;Sunday;22/05/2022 11:00;Cilandak;Cilandak;106.8028788;-6.2778285
Pengrusakan;Friday;20/05/2022 23:50;Kuningan;Kuningan;106.8295528;-6.2210955
Pengrusakan;Wednesday;18/05/2022 12:50;Kebayoran Lama;Kebayoran Lama;106.7883717;-6.2322912
Penganiayaan Berat;Saturday;07/05/2022 05:15;Kebayoran Baru;Kebayoran Baru;106.7999471;-6.2452337
Pelecehan Seksual;Saturday;23/04/2022 14:30;Mampang Prapatan;Mampang Prapatan;106.8262565;-6.2481661
Narkotika;Tuesday;26/04/2022 20:30;Tebet;Tebet;106.8549881;-6.2251223
Kerusuhan;Friday;22/04/2022 00:30;Kebayoran Baru;Kebayoran Baru;106.8082386;-6.261739
Pencurian Biasa;Sunday;10/04/2022 13:00;Cilandak;Cilandak;106.7975781;-6.2771223
Penganiayaan Berat;Thursday;07/04/2022 04:30;Pasar Minggu;Pasar Minggu;106.8213044;-6.3005052
Pencurian Biasa;Thursday;07/04/2022 20:30;Kebayoran Lama;Kebayoran Lama;106.7798811;-6.2300428
Kerusuhan;Sunday;03/04/2022 08:30;Kebayoran Lama;Kebayoran Lama;106.7768346;-6.2435527
Pencurian Kendaraan Bermotor;Monday;28/03/2022 23:30;Tebet;Tebet;106.8576636;-6.222582
Narkotika;Monday;21/03/2022 12:03;Pancoran;Pancoran;106.8429756;-6.2554837
Kerusuhan;Wednesday;23/03/2022 03:42;Pesanggrahan;Pesanggrahan;106.7559004;-6.2425078
Narkotika;Thursday;17/03/2022 03:00;Setiabudi;Setiabudi;106.8264328;-6.2136327
Narkotika;Wednesday;16/03/2022 23:30;Cilandak;Cilandak;106.7975781;-6.2771223
Pelecehan Seksual;Tuesday;16/03/2021 14:30;Pasar Minggu;Pasar Minggu;106.8399623;-6.2896105
Penganiayaan Ringan;Tuesday;15/02/2022 12:00;Kebayoran Lama;Kebayoran Lama;106.7803672;-6.264769
Penculikan;Sunday;08/05/2022 14:00;Kemang;Kemang;106.7362028;-6.4857872
Pembunuhan;Friday;04/03/2022 23:00;Cengkareng;Cengkareng;106.7305335;-6.1390604
Pencurian Biasa;Thursday;06/01/2022 12:00;Jatinegara;Jatinegara;106.8938079;-6.2143784
Pencurian Dengan Kekerasan;Sunday;19/04/2020 03:00;Cakung;Cakung;106.9426296;-6.1820377
Pencurian Biasa;Monday;18/04/2022 09:30;Tanah Abang;Tanah Abang;106.8044585;-6.2071846
Pencurian Dengan Kekerasan;Thursday;21/04/2022 02:30;Ciawi;Ciawi;106.8718213;-6.6858687
Pencurian Dengan Kekerasan;Monday;21/03/2022 12:00;Cisarua;Cisarua;106.9691373;-6.6951358
Pencurian Dengan Kekerasan;Tuesday;15/02/2022 02:15;Jatisampurna;Jatisampurna;106.9205331;-6.3593029
Penganiayaan Berat;Thursday;07/10/2021 23:00;Sukatani;Sukatani;107.1769259;-6.164962
Penganiayaan Ringan;Friday;30/07/2021 11:30;Tanah Abang;Tanah Abang;106.8017969;-6.2185701
Pencurian Biasa;Saturday;10/04/2021 23:00;Cengkareng;Cengkareng;106.7292071;-6.1297711
Demonstrasi;Wednesday;15/01/2020 13:00;Gambir;Gambir;106.8281589;-6.1712189
Demonstrasi;Thursday;16/01/2020 13:00;Tanah Abang;Tanah Abang;106.8013717;-6.2061895
Penipuan;Thursday;15/04/2021 15:00;Makasar;Makasar;106.8891074;-6.244477
Penganiayaan Berat;Sunday;17/03/2019 04:30;Pulogadung;Pulogadung;106.9090717;-6.1832331
Pembunuhan;Sunday;07/04/2019 10:00;Makasar;Makasar;106.8732673;-6.2590949
Narkotika;Tuesday;09/04/2019 02:00;Kebayoran Baru;Kebayoran Baru;106.7954792;-6.2546257
Pengrusakan;Thursday;18/04/2019 04:30;Cilandak;Cilandak;106.7975781;-6.2771223
Pengrusakan;Monday;15/04/2019 09:00;Pancoran;Pancoran;106.8679899;-6.2490679
Penculikan;Tuesday;09/04/2019 10:00;Bekasi Barat;Bekasi Barat;106.9449312;-6.2468264
Penipuan;Saturday;16/03/2019 16:00;Tambora;Tambora;106.798436;-6.155071
Pencurian Dengan Kekerasan;Monday;08/04/2019 23:00;Palmerah;Palmerah;106.7870197;-6.1852637
Pencurian Dengan Kekerasan;Monday;22/04/2019 18:00;Matraman;Matraman;106.8737218;-6.2052257
Narkotika;Friday;03/05/2019 03:00;Tambora;Tambora;106.7994022;-6.1574525
Demonstrasi;Wednesday;01/05/2019 13:00;Gambir;Gambir;106.8227967;-6.1799862
Pengrusakan;Wednesday;01/05/2019 16:00;Gambir;Gambir;106.8227967;-6.1799862
Pencurian Dengan Kekerasan;Saturday;27/04/2019 00:00;Kembangan;Kembangan;106.7220604;-6.1974315
Narkotika;Thursday;02/05/2019 14:00;Grogol Petamburan;Grogol Petamburan;106.7373247;-6.1546969
Narkotika;Sunday;05/05/2019 21:00;Pancoran Mas;Pancoran Mas;106.8216133;-6.3981597
Pembunuhan;Sunday;05/05/2019 07:00;Koja;Koja;106.9194625;-6.1214013
Narkotika;Thursday;11/04/2019 13:00;Cengkareng;Cengkareng;106.6534595;-6.127119
Narkotika;Tuesday;30/04/2019 13:00;Cengkareng;Cengkareng;106.6534595;-6.127119
Kerusuhan;Thursday;09/05/2019 02:30;Tanah Abang;Tanah Abang;106.8070281;-6.194561
Terorisme;Wednesday;08/05/2019 03:00;Bekasi Barat;Bekasi Barat;107.002972;-6.2166758
Penipuan;Wednesday;01/05/2019 22:00;Tamansari;Tamansari;106.813413;-6.1346768
Pencurian Dengan Kekerasan;Thursday;16/05/2019 21:00;Kebayoran Baru;Kebayoran Baru;106.7975521;-6.2345888
Pembunuhan;Saturday;18/05/2019 01:05;Setiabudi;Setiabudi;106.8187841;-6.2160197
Kerusuhan;Wednesday;22/05/2019 13:00;Palmerah;Palmerah;106.8075136;-6.1961208
Narkotika;Sunday;23/06/2019 13:00;Kalideres;Kalideres;106.7011866;-6.1338054
Pencurian Dengan Kekerasan;Thursday;27/06/2019 23:00;Kelapa Gading;Kelapa Gading;106.9152021;-6.1658278
Penganiayaan Berat;Tuesday;23/03/2021 12:00;Bogor Utara;Bogor Utara;106.8090297;-6.5689517
Pencurian Biasa;Wednesday;03/07/2019 07:10;Tanjung Duren;Tanjung Duren;106.7839175;-6.1713515
Penganiayaan Ringan;Sunday;03/01/2021 02:00;Jababeka;Jababeka;107.1511203;-6.3004854
Penculikan;Tuesday;09/07/2019 13:00;Tambora;Tambora;106.8097259;-6.1532923
Terorisme;Saturday;26/12/2020 19:38;Cengkareng;Cengkareng;106.7282283;-6.1313346
Penganiayaan Ringan;Thursday;04/07/2019 13:00;Penjaringan;Penjaringan;106.7761372;-6.1042734
Pencurian Dengan Kekerasan;Tuesday;22/12/2020 06:00;Bekasi Selatan;Bekasi Selatan;106.9834177;-6.2468844
Pencurian Dengan Kekerasan;Tuesday;21/09/2021 22:00;MustikaJaya;MustikaJaya;107.0114775;-6.3009172
Pencurian Dengan Kekerasan;Thursday;13/06/2019 03:00;Kelapa Gading;Kelapa Gading;106.9064367;-6.1804584
Pencurian Dengan Kekerasan;Thursday;12/11/2020 12:00;Tambora;Tambora;106.8059555;-6.1326158
Pencurian Biasa;Friday;23/10/2020 17:30;Mampang Prapatan;Mampang Prapatan;106.81411;-6.2463334
Penganiayaan Ringan;Saturday;06/04/2019 23:00;Setiabudi;Setiabudi;106.8264328;-6.2136327
Pencurian Dengan Kekerasan;Thursday;23/05/2019 01:30;Cilandak;Cilandak;106.7975781;-6.2771223
Pencurian Dengan Kekerasan;Wednesday;26/06/2019 03:10;Pancoran;Pancoran;106.8429756;-6.2554837
Pembunuhan;Wednesday;09/09/2020 21:00;Sawah Besar;Sawah Besar;106.8321924;-6.1625549
Pembunuhan;Thursday;25/07/2019 20:00;Cimanggis;Cimanggis;106.8071808;-6.3842813
Kerusuhan;Monday;29/07/2019 20:30;Jatinegara;Jatinegara;106.8745031;-6.2189738
Narkotika;Monday;05/08/2019 10:00;Pesanggrahan;Pesanggrahan;106.751266;-6.2365273
Pencurian Dengan Kekerasan;Sunday;29/05/2022 00:30;Kelapa Gading;Kelapa Gading;106.9393412;-6.1700754
Pelecehan Seksual;Thursday;15/08/2019 06:40;Tebet;Tebet;106.8502148;-6.2098886
Pencurian Dengan Kekerasan;Wednesday;07/08/2019 01:00;MustikaJaya;MustikaJaya;107.0307291;-6.2862966
Pembunuhan;Tuesday;06/08/2019 01:00;Kramat Jati;Kramat Jati;106.8807628;-6.2986572
Terorisme;Wednesday;21/08/2019 03:05;Palmerah;Palmerah;106.7947782;-6.1853783
Pembunuhan;Wednesday;28/08/2019 02:30;Kebon Jeruk;Kebon Jeruk;106.7617984;-6.1810006
Kerusuhan;Tuesday;06/08/2019 22:00;Tebet;Tebet;106.8503617;-6.2238859
Pembunuhan;Sunday;25/08/2019 01:00;Kebon Jeruk;Kebon Jeruk;106.7753527;-6.1878381
Pembunuhan;Sunday;25/08/2019 20:00;Penjaringan;Penjaringan;106.7896404;-6.1164355
Pencurian Kendaraan Bermotor;Wednesday;28/08/2019 19:15;Kebon Jeruk;Kebon Jeruk;106.773595;-6.1959421
Kerusuhan;Wednesday;04/09/2019 17:07;Menteng;Menteng;106.8457502;-6.2085987
Pelecehan Seksual;Thursday;25/07/2019 12:00;Penjaringan;Penjaringan;106.7557702;-6.1164557
Pembunuhan;Friday;23/08/2019 04:30;Pancoran;Pancoran;106.85343;-6.2570203
Pencurian Dengan Kekerasan;Saturday;07/09/2019 03:00;Grogol Petamburan;Grogol Petamburan;106.7841019;-6.1778875
Pencurian Dengan Kekerasan;Sunday;08/09/2019 23:00;Tambora;Tambora;106.793549;-6.1539375
Pencurian Kendaraan Bermotor;Friday;06/09/2019 03:00;Tambora;Tambora;106.8038266;-6.1496546
Pencurian Biasa;Wednesday;01/05/2019 12:00;Kaliabang;Kaliabang;107.0056504;-6.1800202
Narkotika;Thursday;12/09/2019 22:00;Kemayoran;Kemayoran;106.8541776;-6.1594869
Pencurian Biasa;Sunday;15/09/2019 13:00;Mampang Prapatan;Mampang Prapatan;106.8192493;-6.2411369
Pencurian Biasa;Monday;01/07/2019 14:00;Kelapa Gading;Kelapa Gading;106.9084263;-6.1572666
Pencurian Dengan Kekerasan;Saturday;15/06/2019 03:00;Kelapa Gading;Kelapa Gading;106.9054996;-6.1753002
Pembunuhan;Friday;21/06/2019 22:00;Bekasi Barat;Bekasi Barat;106.9763667;-6.2480364
Pembunuhan;Sunday;30/06/2019 02:00;Pademangan;Pademangan;106.8478517;-6.1202706
Terorisme;Monday;23/09/2019 14:00;Cilincing;Cilincing;106.9239073;-6.136142
Pembakaran Dengan Sengaja;Tuesday;24/09/2019 23:00;Tanah Abang;Tanah Abang;106.8028124;-6.2067231
Pencurian Dengan Kekerasan;Wednesday;26/06/2019 19:00;Penjaringan;Penjaringan;106.7790724;-6.1084277
Pembakaran Dengan Sengaja;Thursday;26/09/2019 01:00;Grogol Petamburan;Grogol Petamburan;106.7999513;-6.1747751
Pembakaran Dengan Sengaja;Wednesday;25/09/2019 14:25;Tanah Abang;Tanah Abang;106.7968297;-6.2095945
Narkotika;Saturday;15/06/2019 19:00;Ciracas;Ciracas;106.8861048;-6.35315
Pencurian Biasa;Thursday;13/06/2019 04:00;Tanjung Priok;Tanjung Priok;106.8547605;-6.16945
Pencurian Kendaraan Bermotor;Wednesday;02/10/2019 02:00;Tambora;Tambora;106.8027666;-6.1365731
Penganiayaan Ringan;Wednesday;17/04/2019 14:00;Pademangan;Pademangan;106.8258119;-6.1284837
Narkotika;Wednesday;02/10/2019 15:00;Durensawit;Durensawit;106.9298789;-6.2268529
Penganiayaan Berat;Wednesday;05/06/2019 03:00;Pademangan;Pademangan;106.8341169;-6.1411236
Narkotika;Wednesday;02/10/2019 22:00;Pesanggrahan;Pesanggrahan;106.7675222;-6.2697831
Kerusuhan;Wednesday;22/05/2019 14:00;Slipi;Slipi;106.8016144;-6.1937584
Pengrusakan;Sunday;05/06/2022 02:40;Setiabudi;Setiabudi;106.8140377;-6.2192004
Penganiayaan Berat;Saturday;04/06/2022 05:30;Cikarang;Cikarang;107.1833169;-6.3330228
Pencurian Biasa;Thursday;19/05/2022 21:39;Beji;Beji;106.8081252;-6.3685044
Pencurian Kendaraan Bermotor;Monday;16/05/2022 03:26;Sukmajaya;Sukmajaya;106.8469741;-6.3921866
Penculikan;Thursday;12/05/2022 16:20;Senayan;Senayan;106.8104633;-6.2266758
Pencurian Biasa;Friday;15/04/2022 14:00;Cipayung;Cipayung;106.796065;-6.4197444
Pencurian Biasa;Tuesday;12/04/2022 06:00;Pancoran Mas;Pancoran Mas;106.773595;-6.3903616
Pengrusakan;Sunday;26/12/2021 04:00;Grogol Petamburan;Grogol Petamburan;106.7942405;-6.4024844
Pengrusakan;Sunday;26/12/2021 04:20;Limo;Limo;106.7843016;-6.3697964
Pencurian Biasa;Saturday;05/10/2019 21:00;Tanah Abang;Tanah Abang;106.8138316;-6.1869252
Penganiayaan Berat;Saturday;05/10/2019 17:00;Grogol Petamburan;Grogol Petamburan;106.7949171;-6.1663
Pelecehan Seksual;Sunday;06/10/2019 17:00;Menteng;Menteng;106.8502148;-6.2098886
Pembunuhan;Friday;27/09/2019 20:00;Palmerah;Palmerah;106.791368;-6.186616
Terorisme;Wednesday;16/10/2019 21:20;Tambun Selatan;Tambun Selatan;107.0509785;-6.2478756
Penganiayaan Berat;Sunday;13/10/2019 07:00;Tanah Abang;Tanah Abang;106.8120967;-6.1886617
Pembunuhan;Friday;18/10/2019 20:00;Kebon Jeruk;Kebon Jeruk;106.778464;-6.184197
Pencurian Dengan Pemberatan;Friday;18/10/2019 04:30;Kramat Jati;Kramat Jati;106.8678437;-6.245832
Pencurian Kendaraan Bermotor;Wednesday;16/10/2019 19:26;Cengkareng;Cengkareng;106.724837;-6.1441941
Penganiayaan Berat;Friday;27/09/2019 20:40;Durensawit;Durensawit;106.9550763;-6.2199838
Penganiayaan Berat;Monday;21/10/2019 19:00;Cengkareng;Cengkareng;106.7244744;-6.1501172
Pencurian Dengan Kekerasan;Friday;11/01/2019 13:00;Tambora;Tambora;106.8110115;-6.1341364
Pencurian Biasa;Wednesday;06/11/2019 22:00;Menteng;Menteng;106.8392111;-6.1937297
Terorisme;Thursday;07/11/2019 19:00;Kembangan;Kembangan;106.7382072;-6.1970854
Pembunuhan;Friday;08/11/2019 19:00;Cakung;Cakung;106.9390115;-6.1713577
Pembunuhan;Sunday;10/11/2019 01:45;Cilincing;Cilincing;106.9535691;-6.1467296
Pencurian Dengan Kekerasan;Saturday;09/11/2019 03:00;Cilandak;Cilandak;106.7925515;-6.2640244
Pembunuhan;Saturday;16/11/2019 22:00;Cengkareng;Cengkareng;106.7280579;-6.1586422
Kerusuhan;Friday;22/11/2019 19:00;Kalideres;Kalideres;106.7191996;-6.1221953
Kerusuhan;Saturday;23/11/2019 04:00;Tanah Abang;Tanah Abang;106.8163898;-6.1940582
Pelecehan Seksual;Tuesday;26/11/2019 13:00;Cengkareng;Cengkareng;106.7559004;-6.1403479
Pencurian Kendaraan Bermotor;Tuesday;19/11/2019 17:00;Pulogadung;Pulogadung;106.8855305;-6.1994377
Pencurian Kendaraan Bermotor;Saturday;23/11/2019 08:40;Cengkareng;Cengkareng;106.7483599;-6.1442004
Pencurian Kendaraan Bermotor;Thursday;21/11/2019 03:00;Jatinegara;Jatinegara;106.8605751;-6.215125
Terorisme;Tuesday;12/03/2019 07:00;Gambir;Gambir;106.8269598;-6.1714815
Pencurian Dengan Pemberatan;Wednesday;27/11/2019 01:00;Jagakarsa;Jagakarsa;106.8266873;-6.3476171
Penganiayaan Ringan;Wednesday;18/12/2019 15:10;Tebet;Tebet;106.8582931;-6.2261118
Penganiayaan Berat;Wednesday;18/12/2019 03:00;Cakung;Cakung;106.9081327;-6.2027091
Kerusuhan;Friday;17/01/2020 20:30;Pasar Minggu;Pasar Minggu;106.8243674;-6.2794685
Pencurian Dengan Kekerasan;Tuesday;21/01/2020 01:00;Pesanggrahan;Pesanggrahan;106.7546663;-6.236223
Kerusuhan;Tuesday;21/01/2020 20:00;Bogor Utara;Bogor Utara;106.8268127;-6.5895833
Kerusuhan;Saturday;25/01/2020 20:00;Bogor Utara;Bogor Utara;106.8222625;-6.5798818
Kerusuhan;Monday;27/01/2020 20:00;Bogor Tengah;Bogor Tengah;106.7926583;-6.5829836
Penculikan;Tuesday;28/01/2020 07:45;Cipayung;Cipayung;106.897194;-6.338004
Penculikan;Wednesday;29/01/2020 03:00;Durensawit;Durensawit;106.9174154;-6.2199893
Penganiayaan Berat;Wednesday;29/01/2020 14:00;Cengkareng;Cengkareng;106.7578183;-6.1530967
Pencurian Kendaraan Bermotor;Thursday;09/01/2020 10:00;Grogol Petamburan;Grogol Petamburan;106.7871664;-6.1608882
Pencurian Biasa;Monday;02/03/2020 03:00;Mampang Prapatan;Mampang Prapatan;106.8307159;-6.2458758
Pencurian Biasa;Saturday;25/01/2020 11:30;Kebayoran Lama;Kebayoran Lama;106.7806221;-6.280243
Penganiayaan Berat;Saturday;08/02/2020 08:00;Grogol Petamburan;Grogol Petamburan;106.8023182;-6.1722322
Pencurian Dengan Pemberatan;Thursday;13/02/2020 13:00;Tanah Abang;Tanah Abang;106.8163628;-6.1856209
Pencurian Dengan Pemberatan;Friday;14/02/2020 01:00;Cipayung;Cipayung;106.9070532;-6.3228997
Kerusuhan;Sunday;16/02/2020 03:00;Cempaka Putih;Cempaka Putih;106.8665002;-6.1868333
Penganiayaan Berat;Friday;10/12/2021 02:00;Taman Sari;Taman Sari;106.7792797;-6.1736733
Pencurian Dengan Kekerasan;Saturday;15/02/2020 16:00;Cengkareng;Cengkareng;106.740182;-6.127701
Pembunuhan;Sunday;16/02/2020 05:00;Pasar Minggu;Pasar Minggu;106.8464648;-6.2732044
Pembunuhan;Thursday;09/12/2021 22:00;Kemayoran;Kemayoran;106.8541776;-6.1594869
Kerusuhan;Friday;14/02/2020 01:00;Tambora;Tambora;106.8105693;-6.1451785
Kerusuhan;Tuesday;18/02/2020 18:00;Rawamangun;Rawamangun;106.8904474;-6.1933857
Kerusuhan;Thursday;09/12/2021 20:00;Jatinegara;Jatinegara;106.8754724;-6.2189012
Pencurian Dengan Kekerasan;Wednesday;08/12/2021 21:15;Kemayoran;Kemayoran;106.8637697;-6.1715392
Pencurian Biasa;Friday;14/02/2020 01:30;Makasar;Makasar;106.8869859;-6.256821
Penganiayaan Ringan;Tuesday;07/12/2021 02:30;Kebayoran Lama;Kebayoran Lama;106.78093;-6.27993
Penganiayaan Berat;Friday;26/11/2021 19:00;Ciputat;Ciputat;106.7617984;-6.2678825
Pembunuhan;Saturday;27/11/2021 00:00;Tambun Selatan;Tambun Selatan;107.0557842;-6.2605104
Pelecehan Seksual;Wednesday;20/10/2021 12:00;Penjaringan;Penjaringan;106.7761372;-6.1042734
Pencurian Biasa;Sunday;21/11/2021 22:23;Ciracas;Ciracas;106.8773771;-6.330915
Kerusuhan;Saturday;10/07/2021 03:00;Kebayoran Baru;Kebayoran Baru;106.8104633;-6.2266758
Penganiayaan Berat;Friday;09/07/2021 23:00;Pancoran Mas;Pancoran Mas;106.7950631;-6.3946317
Kerusuhan;Saturday;20/11/2021 22:00;Tebet;Tebet;106.8549881;-6.2251223
Penganiayaan Berat;Saturday;10/07/2021 22:00;Jagakarsa;Jagakarsa;106.8341101;-6.325503
Penganiayaan Berat;Tuesday;06/07/2021 15:00;Bogor Utara;Bogor Utara;106.8199156;-6.5825231
Pencurian Biasa;Saturday;30/10/2021 02:00;Makasar;Makasar;106.9093;-6.2528204
Pencurian Kendaraan Bermotor;Wednesday;07/07/2021 00:15;Bojong Gede;Bojong Gede;106.791291;-6.4974742
Pencurian Kendaraan Bermotor;Monday;22/11/2021 18:00;Cakung;Cakung;106.9573016;-6.1757662
Narkotika;Wednesday;07/07/2021 15:00;Kebayoran Lama;Kebayoran Lama;106.784339;-6.2655371
Pengrusakan;Wednesday;26/02/2020 06:00;Menteng;Menteng;106.8339739;-6.1827355
Kerusuhan;Monday;22/11/2021 03:00;Jatinegara;Jatinegara;106.8645365;-6.2193802
Narkotika;Sunday;11/07/2021 16:30;Panongan;Panongan;106.5235921;-6.2603403
Pencurian Dengan Kekerasan;Friday;28/02/2020 12:00;Sawah Besar;Sawah Besar;106.8217849;-6.1414699
Pelecehan Seksual;Sunday;20/12/2020 16:00;Jagakarsa;Jagakarsa;106.8341101;-6.325503
Penganiayaan Ringan;Tuesday;25/02/2020 14:30;Pesanggrahan;Pesanggrahan;106.7688104;-6.2577523
Pencurian Biasa;Friday;21/05/2021 01:00;Tanjung Duren;Tanjung Duren;106.78654;-6.1665
Pencurian Biasa;Thursday;27/02/2020 03:00;Pasar Minggu;Pasar Minggu;106.8122287;-6.2877427
Narkotika;Friday;28/02/2020 13:00;Cipayung;Cipayung;106.908654;-6.2926051
Narkotika;Monday;30/03/2020 22:00;Tambora;Tambora;106.7982057;-6.1520282
Pencurian Dengan Kekerasan;Friday;28/02/2020 06:30;Tambora;Tambora;106.7986648;-6.1530103
Pembunuhan;Thursday;05/03/2020 11:00;Sawah Besar;Sawah Besar;106.8316619;-6.1585052
Pencurian Kendaraan Bermotor;Monday;15/11/2021 04:30;Kembangan;Kembangan;106.7453307;-6.2182191
Pembunuhan;Saturday;14/03/2020 20:00;Makasar;Makasar;106.8892801;-6.2898748
Pencurian Kendaraan Bermotor;Monday;16/03/2020 12:33;Kebon Jeruk;Kebon Jeruk;106.7764046;-6.2123472
Kerusuhan;Friday;27/03/2020 03:00;Palmerah;Palmerah;106.8084354;-6.1831648
Pencurian Dengan Kekerasan;Thursday;04/06/2020 13:35;Kembangan;Kembangan;106.7489258;-6.164888
Penganiayaan Ringan;Friday;16/07/2021 15:00;Pancoran;Pancoran;106.8429756;-6.2554837
Pencurian Biasa;Sunday;14/11/2021 13:00;Tambora;Tambora;106.8045676;-6.1615998
Kerusuhan;Sunday;05/04/2020 02:00;Jatinegara;Jatinegara;106.8631063;-6.2429113
Pencurian Dengan Kekerasan;Friday;22/10/2021 03:00;Kemayoran;Kemayoran;106.8439477;-6.1573001
Narkotika;Monday;06/04/2020 17:45;Pademangan;Pademangan;106.8476719;-6.1454144
Pencurian Biasa;Thursday;09/04/2020 07:30;Pesanggrahan;Pesanggrahan;106.7587983;-6.2321645
Kerusuhan;Monday;20/04/2020 03:00;Sawah Besar;Sawah Besar;106.8288997;-6.1539504
Pencurian Biasa;Wednesday;10/11/2021 12:15;Penjaringan;Penjaringan;106.7406418;-6.1030788
Pencurian Kendaraan Bermotor;Tuesday;26/10/2021 19:00;Penjaringan;Penjaringan;106.7411903;-6.1024783
Penganiayaan Ringan;Wednesday;29/04/2020 04:00;Kemayoran;Kemayoran;106.8603065;-6.1742271
Pelecehan Seksual;Tuesday;09/11/2021 10:00;Pancoran;Pancoran;106.855271;-6.2591128
Pembunuhan;Thursday;30/04/2020 03:00;Jagakarsa;Jagakarsa;106.816472;-6.3442663
Kerusuhan;Tuesday;09/11/2021 22:00;Kalideres;Kalideres;106.7030876;-6.1491955
Pencurian Dengan Kekerasan;Sunday;03/05/2020 03:00;Tamansari;Tamansari;106.816861;-6.1500077
Terorisme;Monday;08/11/2021 11:00;Tanjung Duren;Tanjung Duren;106.7839175;-6.1713515
Penganiayaan Berat;Saturday;02/05/2020 16:35;Pancoran;Pancoran;106.8351085;-6.2540406
Pembunuhan;Thursday;30/04/2020 16:30;Pulogadung;Pulogadung;106.8954025;-6.1984301
Pencurian Biasa;Monday;01/11/2021 14:00;Cakung;Cakung;106.9593843;-6.1875075
Pembunuhan;Sunday;24/10/2021 22:00;Bekasi Selatan;Bekasi Selatan;106.9923124;-6.2352004
Pembunuhan;Monday;27/04/2020 10:15;Tambora;Tambora;106.8092469;-6.131706
Pencurian Biasa;Monday;18/10/2021 19:00;Depok;Depok;106.7942405;-6.4024844
Pencurian Dengan Pemberatan;Tuesday;26/05/2020 06:00;Tamansari;Tamansari;106.8176299;-6.1525176
Pencurian Biasa;Sunday;31/10/2021 16:00;Senen;Senen;106.8386229;-6.1856655
Pencurian Biasa;Friday;05/06/2020 17:00;Gambir;Gambir;106.8230513;-6.1625594
Penculikan;Thursday;11/06/2020 17:00;Cilincing;Cilincing;106.9410253;-6.117672991
Pelecehan Seksual;Tuesday;26/10/2021 10:00;Duren Sawit;Duren Sawit;106.9062415;-6.2386734
Pembunuhan;Wednesday;17/06/2020 17:00;Palmerah;Palmerah;106.8028127;-6.1797565
Pencurian Dengan Kekerasan;Thursday;14/10/2021 23:30;Tambora;Tambora;106.7934423;-6.1432463
Pencurian Biasa;Friday;01/10/2021 06:00;Pulogadung;Pulogadung;106.8887087;-6.1848701
Penganiayaan Berat;Monday;19/04/2021 01:30;Kalideres;Kalideres;106.7038324;-6.1568457
Prostitusi;Wednesday;21/04/2021 22:00;Tebet;Tebet;106.8481417;-6.2422709
Pencurian Dengan Kekerasan;Monday;19/04/2021 14:00;Tambora;Tambora;106.8066487;-6.1580076
Penganiayaan Berat;Sunday;18/04/2021 22:00;Kebayoran Baru;Kebayoran Baru;106.8066487;-6.1580076
Penganiayaan Berat;Thursday;25/03/2021 02:30;Cilandak;Cilandak;106.8065546;-6.2745971
Penganiayaan Berat;Sunday;28/02/2021 13:30;Sindang Jaya;Sindang Jaya;106.4992594;-6.1937544
Pencurian Kendaraan Bermotor;Sunday;28/02/2021 04:30;Rawalumbu;Rawalumbu;106.9919424;-6.2858569
Narkotika;Monday;01/03/2021 15:30;Kebayoran Baru;Kebayoran Baru;106.7999471;-6.2452337
Pencurian Biasa;Sunday;14/02/2021 13:00;Kebayoran Baru;Kebayoran Baru;106.7930328;-6.2551139
Kerusuhan;Thursday;04/02/2021 16:00;Cengkareng;Cengkareng;106.7211243;-6.1547662
Pembunuhan;Friday;19/11/2021 22:00;Periuk;Periuk;106.6096682;-6.1486267
Pembunuhan;Sunday;28/02/2021 19:30;Durensawit;Durensawit;106.9343848;-6.2226246
Penganiayaan Berat;Friday;26/02/2021 13:30;Cengkareng;Cengkareng;106.6534595;-6.127119
Pencurian Kendaraan Bermotor;Thursday;28/01/2021 04:00;Ciputat;Ciputat;106.7414441;-6.2966364
Pembunuhan;Monday;22/06/2020 03:00;Tambora;Tambora;106.8115373;-6.1339945
Penculikan;Friday;26/02/2021 14:00;Bekasi Utara;Bekasi Utara;107.0022748;-6.2254978
Penganiayaan Berat;Thursday;11/02/2021 12:00;Kuningan;Kuningan;106.8256669;-6.2212429
Pembakaran Dengan Sengaja;Wednesday;24/06/2020 13:00;Tanah Abang;Tanah Abang;106.8013717;-6.2061895
Pencurian Dengan Kekerasan;Sunday;14/02/2021 14:20;Pancoranmas;Pancoranmas;106.8137114;-6.4021115
Penipuan;Saturday;27/06/2020 20:00;Cengkareng;Cengkareng;106.7305335;-6.1390604
Penganiayaan Ringan;Saturday;27/06/2020 16:00;Cengkareng;Cengkareng;106.7195709;-6.1539735
Terorisme;Thursday;07/05/2020 15:00;Menteng;Menteng;106.8275631;-6.1921294
Kerusuhan;Friday;29/01/2021 16:50;Cengkareng;Cengkareng;106.73633;-6.13139
Penipuan;Friday;18/12/2020 11:00;Kebayoran Lama;Kebayoran Lama;106.773595;-6.23682
Pengrusakan;Monday;22/06/2020 15:00;Tambora;Tambora;106.8098294;-6.1322535
Penipuan;Wednesday;13/01/2021 13:30;Penjaringan;Penjaringan;106.7882107;-6.1218145
Narkotika;Tuesday;12/01/2021 20:00;Penjaringan;Penjaringan;106.8030892;-6.128631
Pencurian Dengan Kekerasan;Tuesday;14/07/2020 23:00;Grogol Petamburan;Grogol Petamburan;106.7819451;-6.1838837
Kerusuhan;Sunday;17/01/2021 23:30;Tebet;Tebet;106.8528437;-6.2130496
Penganiayaan Ringan;Saturday;16/01/2021 16:00;Kebayoran Lama;Kebayoran Lama;106.7854123;-6.259819
Penipuan;Thursday;07/01/2021 10:00;Cengkareng;Cengkareng;106.6534595;-6.127119
Pelecehan Seksual;Thursday;09/07/2020 19:30;Menteng;Menteng;106.8427805;-6.1913879
Pembunuhan;Monday;06/07/2020 01:00;Cakung;Cakung;106.9144523;-6.2057335
Penganiayaan Berat;Saturday;19/12/2020 19:00;Pondok Gede;Pondok Gede;106.9114537;-6.2665571
Penganiayaan Berat;Wednesday;15/07/2020 13:00;Cengkareng;Cengkareng;106.7205154;-6.1721148
Pembunuhan;Monday;21/12/2020 01:30;Bekasi;Bekasi;107.0310744;-6.2080209
Pencurian Dengan Pemberatan;Wednesday;22/07/2020 18:15;Mampang Prapatan;Mampang Prapatan;106.8181498;-6.2735895
Penganiayaan Ringan;Wednesday;22/07/2020 18:15;Durensawit;Durensawit;106.942501;-6.2357637
Pembunuhan;Monday;06/04/2020 11:30;Makasar;Makasar;106.8758468;-6.2652116
Pembunuhan;Friday;04/12/2020 21:00;Benda;Benda;106.6721132;-6.1381805
Pencurian Biasa;Monday;14/12/2020 09:00;Tanah Abang;Tanah Abang;106.8152883;-6.1945031
Pencurian Dengan Kekerasan;Tuesday;04/08/2020 03:00;Ciracas;Ciracas;106.8772333;-6.3153324
Penganiayaan Ringan;Thursday;10/12/2020 21:00;Cilincing;Cilincing;106.9406195;-6.1055203
Narkotika;Thursday;30/07/2020 01:00;Kebayoran Lama;Kebayoran Lama;106.7709995;-6.2351329
Penganiayaan Berat;Thursday;17/12/2020 08:00;Mampang Prapatan;Mampang Prapatan;106.8160465;-6.2636232
Pembunuhan;Tuesday;04/08/2020 19:50;Beji;Beji;106.834675;-6.3638684
Kerusuhan;Tuesday;24/11/2020 13:00;Johar Baru;Johar Baru;106.8497882;-6.1772273
Pembunuhan;Thursday;13/08/2020 12:00;Kelapa Gading;Kelapa Gading;106.9141993;-6.1427067
Pembunuhan;Wednesday;18/11/2020 20:00;Kebon Jeruk;Kebon Jeruk;106.7672451;-6.1822794
Pencurian Biasa;Monday;16/11/2020 08:30;Kebayoran Baru;Kebayoran Baru;106.7898163;-6.2580177
Pencurian Kendaraan Bermotor;Monday;10/08/2020 20:00;Cengkareng;Cengkareng;106.72112;-6.14921
Penganiayaan Ringan;Monday;03/01/2022 03:00;Jakarta Selatan;Jakarta Selatan;106.7898163;-6.2580177
Penganiayaan Ringan;Wednesday;12/08/2020 22:00;Cilandak;Cilandak;106.7760619;-6.3080143
Pencurian Biasa;Saturday;14/11/2020 23:00;Tebet;Tebet;106.8623129;-6.222738
Narkotika;Saturday;14/11/2020 23:00;Tebet;Tebet;106.8623129;-6.222738
Penganiayaan Berat;Tuesday;15/02/2022 02:00;Bekasi;Bekasi;106.9205331;-6.3593029
Pencurian Dengan Kekerasan;Saturday;14/11/2020 01:00;Pondok Aren;Pondok Aren;106.6889583;-6.2557187
Pembunuhan;Tuesday;18/08/2020 05:30;Matraman;Matraman;106.8741394;-6.1935354
Pembunuhan;Sunday;16/08/2020 09:00;Mampang Prapatan;Mampang Prapatan;106.8179915;-6.2502192
Narkotika;Sunday;15/11/2020 15:00;Cilincing;Cilincing;106.9326303;-6.0976433
Pembunuhan;Thursday;13/08/2020 05:00;Durensawit;Durensawit;106.8972015;-6.2151825
Pelecehan Seksual;Tuesday;15/02/2022 16:00;Bekasi Timur;Bekasi Timur;107.0177207;-6.2343772
Pencurian Biasa;Friday;21/08/2020 05:00;Cilandak;Cilandak;106.7767944;-6.2940563
Kerusuhan;Thursday;08/10/2020 17:00;Gambir;Gambir;106.8209277;-6.1673595
Kerusuhan;Sunday;23/08/2020 05:00;Menteng;Menteng;106.8384285;-6.1965186
Penipuan;Friday;04/02/2022 17:00;Cilandak;Cilandak;106.7941814;-6.2656141
Pencurian Kendaraan Bermotor;Saturday;10/10/2020 02:00;Tanjung Duren;Tanjung Duren;106.7839175;-6.1713515
Pengrusakan;Saturday;29/08/2020 05:00;Ciracas;Ciracas;106.8644986;-6.3239701
Kerusuhan;Wednesday;07/10/2020 11:30;Kemayoran;Kemayoran;106.8360167;-6.153442
Pembunuhan;Saturday;23/10/2021 09:30;Cilincing;Cilincing;106.9535691;-6.1467296
Pencurian Dengan Kekerasan;Sunday;17/10/2021 03:30;Cipayung;Cipayung;106.9093;-6.3551012
Penganiayaan Berat;Sunday;04/10/2020 04:40;Bogor Selatan;Bogor Selatan;106.7841389;-6.6152263
Pencurian Dengan Kekerasan;Saturday;05/09/2020 22:00;Tambora;Tambora;106.810828;-6.1473503
Penculikan;Tuesday;08/09/2020 19:00;Kemayoran;Kemayoran;106.8669444;-6.1483333
Pengrusakan;Tuesday;08/09/2020 10:00;Menteng;Menteng;106.8466623;-6.2030468
Pembunuhan;Saturday;05/09/2020 03:00;Kebayoran Lama;Kebayoran Lama;106.7862716;-6.2223439
Narkotika;Sunday;04/10/2020 00:00;Ciampea;Ciampea;106.685136;-6.5935836
Pengrusakan;Wednesday;07/10/2020 15:00;Tanah Abang;Tanah Abang;106.8018225;-6.2048089
Pencurian Biasa;Friday;28/08/2020 05:30;Tamansari;Tamansari;106.815043;-6.158202
Penganiayaan Ringan;Tuesday;06/10/2020 14:30;Pulogadung;Pulogadung;106.8608723;-6.1959301
Pencurian Dengan Kekerasan;Monday;15/06/2020 13:00;Tamansari;Tamansari;106.8172911;-6.152606
Perkosaan;Friday;02/04/2021 14:00;Koja;Koja;106.9081259;-6.1159103
Pencurian Biasa;Monday;07/09/2020 05:00;Senen;Senen;106.8465434;-6.1892379
Penganiayaan Berat;Thursday;07/05/2020 03:30;Limo;Limo;106.7883416;-6.3770606
Kerusuhan;Saturday;12/09/2020 01:00;Kramat Jati;Kramat Jati;106.8632786;-6.2763063
Pelecehan Seksual;Monday;11/10/2021 16:44;Cipayung;Cipayung;106.9135561;-6.3023959
Pembunuhan;Saturday;26/09/2020 15:00;Cakung;Cakung;106.9048683;-6.2041574
Penganiayaan Berat;Saturday;04/04/2020 10:30;Sawangan;Sawangan;106.7485023;-6.4058188
Pelecehan Seksual;Saturday;26/09/2020 18:00;Cipondoh;Cipondoh;106.6825964;-6.1866281
Pengrusakan;Tuesday;29/09/2020 15:30;Pasar Kemis;Pasar Kemis;106.5568846;-6.1471773
Pencurian Dengan Pemberatan;Thursday;02/06/2022 22:30;Jakarta Timur;Jakarta Timur;106.8802026;-6.3397546
Kerusuhan;Saturday;26/09/2020 02:00;Senayan;Senayan;106.8904474;-6.1933857
Pembunuhan;Sunday;17/10/2021 05:00;Matraman;Matraman;106.861984;-6.2135439
Kerusuhan;Tuesday;22/09/2020 19:00;Tebet;Tebet;106.8488128;-6.2203167
Pembunuhan;Wednesday;09/09/2020 12:00;Johar Baru;Johar Baru;106.869832;-6.186693
Pelecehan Seksual;Friday;25/09/2020 14:00;Cengkareng;Cengkareng;106.6534595;-6.127119
Penganiayaan Berat;Sunday;20/09/2020 01:00;Pesanggrahan;Pesanggrahan;106.7628418;-6.2567401
Narkotika;Sunday;20/09/2020 15:00;Palmerah;Palmerah;106.8014743;-6.187347
Pencurian Dengan Kekerasan;Saturday;09/10/2021 14:00;Benda;Benda;106.73451;-6.1301412
Prostitusi;Wednesday;13/10/2021 18:00;Pancoran;Pancoran;106.8521429;-6.2572684
Pencurian Biasa;Sunday;10/10/2021 10:00;Tambora;Tambora;106.811346;-6.1493849
Pencurian Biasa;Friday;29/01/2021 13:00;Pondok Gede;Pondok Gede;106.9299579;-6.2802468
Penganiayaan Berat;Friday;29/01/2021 23:32;Cengkareng;Cengkareng;106.7371382;-6.1383318
Pelecehan Seksual;Monday;11/10/2021 14:00;Kembangan Utara;Kembangan Utara;106.7533256;-6.1629376
Pencurian Kendaraan Bermotor;Monday;11/10/2021 22:00;Cengkareng;Cengkareng;106.7328668;-6.1348705
Pencurian Dengan Pemberatan;Tuesday;02/02/2021 22:00;Bekasi Timur;Bekasi Timur;107.0217044;-6.2263048
Penganiayaan Ringan;Monday;01/02/2021 15:00;Cilandak;Cilandak;106.7981753;-6.2708796
Penganiayaan Ringan;Monday;01/03/2021 23:00;Muara Baru;Muara Baru;106.8034171;-6.1182144
Pembunuhan;Wednesday;29/09/2021 23:00;Cengkareng;Cengkareng;106.7559004;-6.150556
Pembunuhan;Friday;12/03/2021 22:00;Serpong;Serpong;106.6678223;-6.2994321
Pembunuhan;Wednesday;10/03/2021 05:00;Cakung;Cakung;106.9283093;-6.2131999
Pembunuhan;Wednesday;10/03/2021 13:00;Megamendung;Megamendung;106.8805115;-6.6489848
Pembunuhan;Saturday;19/09/2020 23:30;Pesanggrahan;Pesanggrahan;106.7628418;-6.2567401
Pencurian Biasa;Tuesday;09/03/2021 22:00;Serpong;Serpong;106.6635481;-6.2819487
Prostitusi;Monday;21/09/2020 14:05;Kelapa Gading;Kelapa Gading;106.8977819;-6.1518492
Penganiayaan Berat;Sunday;03/10/2021 04:00;Jagakarsa;Jagakarsa;106.8341101;-6.325503
Penganiayaan Berat;Sunday;20/09/2020 10:00;Durensawit;Durensawit;106.9342723;-6.2380534
Narkotika;Wednesday;29/09/2021 14:00;Bekasi;Bekasi;106.9830865;-6.2733758
Kerusuhan;Friday;25/09/2020 03:00;Palmerah;Palmerah;106.7986648;-6.1836404
Pengrusakan;Wednesday;17/03/2021 18:47;Cakung;Cakung;106.9232089;-6.2155732
Pencurian Biasa;Sunday;03/10/2021 02:00;Kembangan;Kembangan;106.7319117;-6.1966958
Penipuan;Wednesday;23/09/2020 16:25;Kebayoran Baru;Kebayoran Baru;106.7915937;-6.2351182
Pencurian Dengan Kekerasan;Wednesday;23/09/2020 13:00;Johar Baru;Johar Baru;106.8554484;-6.1741619
Pengrusakan;Sunday;03/10/2021 17:55;Kebayoran Baru;Kebayoran Baru;106.7967995;-6.2576762
Kerusuhan;Wednesday;17/03/2021 01:00;Pasar Minggu;Pasar Minggu;106.8464648;-6.2732044
Kerusuhan;Friday;18/09/2020 23:00;Sawah Besar;Sawah Besar;106.8278132;-6.1620188
Kerusuhan;Friday;23/10/2020 03:00;Sawah Besar;Sawah Besar;106.8370091;-6.1536988
Terorisme;Tuesday;06/04/2021 13:30;Jagakarsa;Jagakarsa;106.8502879;-6.3058935
Penganiayaan Berat;Monday;22/03/2021 14:00;Taman Sari;Taman Sari;106.8185635;-6.1427474
Pencurian Biasa;Monday;31/05/2021 03:00;Tapos;Tapos;106.8651881;-6.4185266
Narkotika;Thursday;22/10/2020 13:00;Pondok Aren;Pondok Aren;106.6889583;-6.2557187
Pembunuhan;Saturday;24/10/2020 17:30;Kebon Jeruk;Kebon Jeruk;106.7681788;-6.1916045
Penganiayaan Berat;Thursday;30/09/2021 23:00;Cengkareng;Cengkareng;106.7809683;-6.130957893
Pencurian Dengan Kekerasan;Sunday;26/09/2021 04:30;Pulo Gadung;Pulo Gadung;106.8912095;-6.1936067
Kerusuhan;Monday;19/10/2020 22:00;Jatinegara;Jatinegara;106.8756951;-6.2174595
Pembunuhan;Wednesday;28/10/2020 03:00;Tambora;Tambora;106.8106834;-6.151702
Penadahan;Thursday;17/06/2021 12:00;Tanjung Priok;Tanjung Priok;106.8725291;-6.1245083
Pencurian Kendaraan Bermotor;Friday;06/08/2021 04:18;Tambora;Tambora;106.8072461;-6.1477051
Kerusuhan;Tuesday;20/07/2021 14:00;Setiabudi;Setiabudi;106.8415828;-6.2090339
Pencurian Dengan Kekerasan;Sunday;26/09/2021 17:45;Penjaringan;Penjaringan;106.7507715;-6.113135
Pembunuhan;Thursday;08/07/2021 23:30;Cisauk;Cisauk;106.6369178;-6.3408595
Pencurian Biasa;Thursday;03/12/2020 03:00;Tebet;Tebet;106.8458341;-6.235609
Prostitusi;Wednesday;25/11/2020 23:00;Tanjung Priok;Tanjung Priok;106.8791148;-6.1484807
Pembunuhan;Tuesday;13/07/2021 21:00;Bekasi Timur;Bekasi Timur;107.013564;-6.2491162
Pencurian Dengan Pemberatan;Thursday;12/11/2020 11:30;Cengkareng;Cengkareng;106.7250599;-6.1526016
Pembunuhan;Monday;13/07/2020 01:00;Jatiasih;Jatiasih;106.9677425;-6.287351
Pembunuhan;Friday;30/10/2020 22:00;Tanjung Priok;Tanjung Priok;106.8831761;-6.1291427
Pencurian Biasa;Monday;28/06/2021 15:00;Cilandak;Cilandak;106.7794935;-6.3031123
Pencurian Biasa;Friday;20/11/2020 13:00;Cakung;Cakung;106.9048683;-6.2041574
Penipuan;Wednesday;15/09/2021 12:00;Pasar Kemis;Pasar Kemis;106.5476804;-6.1722191
Penganiayaan Ringan;Saturday;21/11/2020 01:00;Kebayoran Baru;Kebayoran Baru;106.81282;-6.2667382
Kerusuhan;Friday;11/12/2020 21:45;Jatinegara;Jatinegara;106.8783167;-6.2193534
Narkotika;Friday;03/09/2021 19:00;Ciracas;Ciracas;106.8749344;-6.3087517
Penipuan;Wednesday;04/08/2021 21:00;Kemayoran;Kemayoran;106.8494798;-6.149049
Penganiayaan Berat;Sunday;20/12/2020 10:00;Palmerah;Palmerah;106.8005544;-6.1860128
Pembunuhan;Saturday;18/09/2021 19:00;Pinang;Pinang;106.6687937;-6.2189821
Pencurian Biasa;Wednesday;28/07/2021 13:00;Cengkareng;Cengkareng;106.727393;-6.169273
Pembakaran Dengan Sengaja;Saturday;26/12/2020 19:30;Cengkareng;Cengkareng;106.7204179;-6.1706939
Pembunuhan;Monday;06/09/2021 06:00;Teluknaga;Teluknaga;106.6337259;-6.0634891
Pencurian Biasa;Wednesday;04/08/2021 17:00;Pamulang;Pamulang;106.7726936;-6.3490731
Pelecehan Seksual;Monday;07/12/2020 20:00;Grogol Petamburan;Grogol Petamburan;106.7846412;-6.161698
Pengrusakan;Saturday;31/07/2021 11:00;Mampang Prapatan;Mampang Prapatan;106.8160465;-6.2636232
Narkotika;Saturday;18/09/2021 14:00;Kebon Jeruk;Kebon Jeruk;106.7696806;-6.183354
Pembunuhan;Thursday;05/08/2021 14:00;Cijeruk;Cijeruk;106.8089885;-6.6870824
Pencurian Dengan Pemberatan;Friday;17/09/2021 10:00;Kebon Jeruk;Kebon Jeruk;106.7573802;-6.1916678
Penganiayaan Ringan;Friday;30/07/2021 14:00;Tanah Abang;Tanah Abang;106.8017969;-6.2185701
Pencurian Biasa;Monday;27/09/2021 02:00;Pasar Minggu;Pasar Minggu;106.8145199;-6.3011597
Kerusuhan;Saturday;12/12/2020 05:00;Setiabudi;Setiabudi;106.8442272;-6.2118761
Kerusuhan;Sunday;01/08/2021 11:00;Pamulang;Pamulang;106.7362172;-6.3442012
Pelecehan Seksual;Monday;04/01/2021 10:00;Grogol Petamburan;Grogol Petamburan;106.7891459;-6.1588791
Pencurian Dengan Kekerasan;Monday;19/07/2021 01:00;Kalideres;Kalideres;106.7045636;-6.1269813
Pencurian Dengan Pemberatan;Monday;27/09/2021 15:00;Penjaringan;Penjaringan;106.7400386;-6.1053436
Narkotika;Friday;22/01/2021 13:00;Penjaringan;Penjaringan;106.7647475;-6.1222055
Pencurian Dengan Kekerasan;Thursday;16/09/2021 20:30;Kebayoran Lama;Kebayoran Lama;106.7763095;-6.2385551
Prostitusi;Wednesday;08/09/2021 19:00;Cakung;Cakung;106.9492855;-6.2047375
Pembunuhan;Wednesday;20/01/2021 03:30;Setiabudi;Setiabudi;106.8362362;-6.2094201
Pelecehan Seksual;Sunday;17/01/2021 16:00;Durensawit;Durensawit;106.9091675;-6.2258406
Pembunuhan;Wednesday;22/09/2021 23:00;Cimanggis;Cimanggis;106.8428572;-6.3549369
Pembunuhan;Thursday;30/09/2021 14:30;Cikarang;Cikarang;107.1543601;-6.3647421
Kerusuhan;Sunday;31/01/2021 03:00;Tambora;Tambora;106.8069854;-6.1453157
Narkotika;Monday;13/09/2021 19:00;Grogol Petamburan;Grogol Petamburan;106.790649;-6.1601909
Pencurian Dengan Pemberatan;Sunday;26/09/2021 05:00;Pulo Gadung;Pulo Gadung;106.8916442;-6.1823613
Penipuan;Wednesday;15/09/2021 16:00;Cimanggis;Cimanggis;106.8428572;-6.3549369
